id,TalhaoID,TIPO,NOME,AREA,VARIEDADE,PORTAENXERTO,DATA_DE_PLANTIO,IDADE,FALHAS,ESP,COR,qtde_plantas,coordinates,OBS,ativo
kcqabs0u4,SEDE,ADMINISTRATIVO,SEDE,0 ha,,,,0,0,0,#FF0000,0,"[[[-47.22203894309027,-22.1191177055616,0],[-47.22376359343465,-22.11848699957902,0],[-47.22396338666043,-22.11879149931732,0],[-47.22401376299385,-22.11924413925887,0],[-47.22210688627622,-22.11987994397705,0],[-47.22197302747158,-22.11962067796044,0],[-47.22203894309027,-22.1191177055616,0]]]",,1
8djfcomqw,COLONIA,ADMINISTRATIVO,COLONIA,0 ha,,,,0,0,0,#FF0000,0,"[[[-47.22421123009461,-22.1193082962705,0],[-47.22422966334648,-22.11939462261148,0],[-47.22417582982148,-22.11950536614265,0],[-47.22409898990253,-22.11959901066855,0],[-47.22397727531167,-22.11965950210039,0],[-47.22384621409369,-22.11972400102448,0],[-47.22371907139613,-22.11972828204481,0],[-47.22355412562631,-22.1198405559333,0],[-47.22365040290714,-22.12021026933555,0],[-47.2219546796241,-22.12094193598321,0],[-47.2218150140544,-22.12112663543796,0],[-47.21938705644234,-22.12142156844198,0],[-47.21938718629728,-22.12156863839714,0],[-47.21927665841793,-22.12167318877317,0],[-47.21916411807231,-22.12177301829099,0],[-47.21909977963054,-22.12183213363792,0],[-47.21898169620903,-22.12187251784964,0],[-47.21874532077194,-22.12190442943473,0],[-47.21852192983268,-22.12194551579429,0],[-47.21833317902149,-22.12196273229804,0],[-47.21784520970603,-22.12205231104241,0],[-47.21786156795098,-22.12197058618202,0],[-47.21787093578386,-22.12190482652599,0],[-47.2178864110621,-22.12180190427523,0],[-47.21787998763304,-22.12172657868976,0],[-47.21788962453715,-22.12163860396845,0],[-47.21790727313742,-22.12159943455481,0],[-47.21793047568167,-22.12154949737132,0],[-47.21796441504948,-22.12150096221595,0],[-47.21801258275941,-22.12146113168569,0],[-47.21804862683565,-22.12143049751252,0],[-47.21813453168284,-22.1213827169821,0],[-47.21825145333737,-22.12134606942162,0],[-47.2185341450084,-22.12127428914491,0],[-47.21897692297019,-22.12114455687935,0],[-47.21924965391457,-22.1210708034009,0],[-47.21931416989407,-22.12096455374192,0],[-47.22025811065578,-22.12059751683253,0],[-47.22214562889493,-22.11994570745987,0],[-47.22415490167181,-22.11927753057004,0],[-47.22421123009461,-22.1193082962705,0]]]",,1
53zauawf9,TALHAO_1,TALHAO,17C,5.22 ha,VALENCIA,CR,2008-01-01,17,,,#fbff00,2660,"[[[-47.2587995401871,-22.12323674072775,0],[-47.25878913477683,-22.12345000463449,0],[-47.25874152066511,-22.12381339480535,0],[-47.25857933469224,-22.12418679395166,0],[-47.25834341317915,-22.12461309144955,0],[-47.25788640020673,-22.12494028242315,0],[-47.25759960921112,-22.12517872514978,0],[-47.25731566358796,-22.12537295940224,0],[-47.25602312242485,-22.12592429414083,0],[-47.25552664833855,-22.12595924196727,0],[-47.25493704418482,-22.12501351490437,0],[-47.2587995401871,-22.12323674072775,0]]]",,1
xzpyqfsxz,TALHAO_2,TALHAO,17D,6.71 ha,VALENCIA,CR,2008-01-01,17,,,#fbff00,3357,"[[[-47.25493058395933,-22.1250011592485,0],[-47.25415810404513,-22.12483578301592,0],[-47.25367170169994,-22.12390955222644,0],[-47.25471279356749,-22.12343601067746,0],[-47.25596167379964,-22.12303552975252,0],[-47.25675451399509,-22.12276482074317,0],[-47.25735430228279,-22.12256015457364,0],[-47.25835574740231,-22.12228263431186,0],[-47.25862276827434,-22.12276694376138,0],[-47.25879096558383,-22.12301240163952,0],[-47.2587865560076,-22.12320711072875,0],[-47.25493058395933,-22.1250011592485,0]]]",,1
9wgqrqgjh,TALHAO 3,TALHAO,17F,0.82 ha,VALENCIA,SW,2008-01-01,17,,,#fbff00,424,"[[[-47.25409065354567,-22.12480285868124,0],[-47.25205207967267,-22.12432255514697,0],[-47.25363605478632,-22.12391705832952,0],[-47.25409065354567,-22.12480285868124,0]]]",,1
k2tuf9x4v,TALHAO_4,TALHAO,17B,3.64 ha,VALENCIA,CR,2008-01-01,17,233,"2,6 x 7",#fbff00,1824,"[[[-47.25555624614525,-22.12602710416338,0],[-47.2555397820759,-22.12599538156253,0],[-47.2555013262633,-22.12599454638815,0],[-47.25296270204733,-22.12735007251909,0],[-47.25226025944878,-22.12621842115457,0],[-47.25491512132427,-22.12502289211726,0],[-47.25555624614525,-22.12602710416338,0]]]",,1
di4obkt2u,TALHAO_5,TALHAO,17A,3.82 ha,VALENCIA,CR,2008-01-01,17,238,"2,6 x 7",#0040ff,1944,"[[[-47.25487550851324,-22.12502188247195,0],[-47.25222755288606,-22.12620727465846,0],[-47.25100549248526,-22.12417798463413,0],[-47.2520322609409,-22.12431686415494,0],[-47.25446473100858,-22.12491226542901,0],[-47.25487550851324,-22.12502188247195,0]]]",,1
5qdvu1io8,TALHAO_6,TALHAO,17E,4 ha,VALENCIA,,,0,0,0,#fbff00,0,"[[[-47.25223267678954,-22.12625308579309,0],[-47.25300701035069,-22.12743715597717,0],[-47.25182813363213,-22.12826495080947,0],[-47.25180384259822,-22.12832090535062,0],[-47.24940761672626,-22.12757196011555,0],[-47.24964566281187,-22.12744259907702,0],[-47.25223267678954,-22.12625308579309,0]]]",,1
uk2uximsq,TALHAO_7,TALHAO,200,14.66 ha,HAMLIN,CITROMELO SWINGUE,2025-05-09,0,0,0,#9dff8a,0,"[[[-47.25219463519814,-22.12621453889567,0],[-47.24951086034419,-22.12745219555981,0],[-47.24941004432491,-22.127409711902,0],[-47.24650541075813,-22.12231740093231,0],[-47.24757561207385,-22.12176358753395,0],[-47.24784491777505,-22.12214774280239,0],[-47.24825240036148,-22.12286599021739,0],[-47.24890887057908,-22.12338288517525,0],[-47.24949222526885,-22.1236825507602,0],[-47.2500765421875,-22.12402299982485,0],[-47.25052229054295,-22.12421801056874,0],[-47.25087611736273,-22.1243063584729,0],[-47.25097353693256,-22.12419311970701,0],[-47.25219463519814,-22.12621453889567,0]]]",,1
28gj0ajjf,TALHAO_8,TALHAO,15B,13.77 ha,VAZIO,,,0,0,0,#FF0000,0,"[[[-47.24946710507702,-22.12746887734682,0],[-47.249332511735,-22.12755005052963,0],[-47.24419677097821,-22.12595863046857,0],[-47.24422559383358,-22.12576018355413,0],[-47.24420962600617,-22.12549771958883,0],[-47.24426471047434,-22.12527959556576,0],[-47.2446164070671,-22.12508061823767,0],[-47.24473529993266,-22.12476224238138,0],[-47.24487537995498,-22.12415827494406,0],[-47.24495180274647,-22.12384998780914,0],[-47.24504930426826,-22.12353358619733,0],[-47.24526870204106,-22.12317781001546,0],[-47.24552189148161,-22.1228784913196,0],[-47.24594776851799,-22.12276426905622,0],[-47.24610982965194,-22.1225470645945,0],[-47.24628627366514,-22.12230098533603,0],[-47.24643477709408,-22.12227963534239,0],[-47.24946710507702,-22.12746887734682,0]]]",,1
c8msl54l6,TALHAO_9,TALHAO,30A,4.71 ha,HAMLIN,,,0,0,0,#9dff8a,2378,"[[[-47.24615089288226,-22.11848050868179,0],[-47.24625757877983,-22.11892555842035,0],[-47.24635741814305,-22.11952408467417,0],[-47.24659248360748,-22.11986649351326,0],[-47.2465839672323,-22.12014622971908,0],[-47.24648351875247,-22.12040192796967,0],[-47.24648931353376,-22.12069092758435,0],[-47.24632249111245,-22.12088855102857,0],[-47.24599395915336,-22.1211868612128,0],[-47.24593055815622,-22.12134255828247,0],[-47.2458907340485,-22.12121771828054,0],[-47.24425861106674,-22.11840842621199,0],[-47.24596480434464,-22.11768812646966,0],[-47.24613298466055,-22.11775224458496,0],[-47.24615089288226,-22.11848050868179,0]]]",,1
az2lwmuev,TALHAO_10,TALHAO,16,3.19 ha,VAZIO,,,0,0,0,#FF0000,0,"[[[-47.24631784534133,-22.11629421054577,0],[-47.24637018318409,-22.11745205889421,0],[-47.24627850276807,-22.11761543239445,0],[-47.24621146352845,-22.11768810673624,0],[-47.246140574474,-22.11775388345678,0],[-47.24596352230726,-22.11768534677423,0],[-47.24425861106674,-22.11840842621199,0],[-47.24373731060725,-22.11759384838864,0],[-47.24411462019179,-22.11732036919439,0],[-47.24435760142633,-22.11714867744085,0],[-47.24480292854413,-22.11691309431942,0],[-47.24528768649711,-22.11673988375904,0],[-47.2457890640181,-22.1165653502159,0],[-47.24631784534133,-22.11629421054577,0]]]",,1
pwmfkfojv,TALHAO_11,TALHAO,14C,5.79 ha,VALENCIA AMERICANA,,,0,0,0,#0bfed5,3492,"[[[-47.24501790770582,-22.11981733629311,0],[-47.24280564944202,-22.12064907343908,0],[-47.2417654152616,-22.11880760992562,0],[-47.24235224521334,-22.11853474104579,0],[-47.24270098991821,-22.11837636875077,0],[-47.24307513197915,-22.11818527836868,0],[-47.2433868270107,-22.11788548507311,0],[-47.24363000076754,-22.117651306612,0],[-47.24372781421074,-22.11760382530499,0],[-47.24501790770582,-22.11981733629311,0]]]",,1
f4y2oq8j0,TALHAO_12,TALHAO,30B,5.5 ha,HAMLIN,,,0,0,0,#9dff8a,4301,"[[[-47.24499467711723,-22.11983679102785,0],[-47.24592047923043,-22.12140140695587,0],[-47.24580636204009,-22.12148157522311,0],[-47.24560739397749,-22.12163538828361,0],[-47.24543874839446,-22.12183716545977,0],[-47.2452655981603,-22.12201194499485,0],[-47.24514012848584,-22.12212050005982,0],[-47.24496377703679,-22.12226719649842,0],[-47.24469094860906,-22.12236042577335,0],[-47.24447143252537,-22.12218573842094,0],[-47.24422468680707,-22.12221816598974,0],[-47.24367407106079,-22.12224873287988,0],[-47.24280046201079,-22.12066379292726,0],[-47.24499467711723,-22.11983679102785,0]]]",,1
nqdd5l182,TALHAO_13,TALHAO,30C,3.53 ha,VAZIO,,,0,0,0,#FF0000,0,"[[[-47.24366879733488,-22.12223733134641,0],[-47.2435032680602,-22.1222764136643,0],[-47.24333576168636,-22.12221739294365,0],[-47.24315296793534,-22.12209992815677,0],[-47.24290030848285,-22.12203292564935,0],[-47.24261652092814,-22.12217878959537,0],[-47.24236350663896,-22.12226940389366,0],[-47.24224647788033,-22.12226897347225,0],[-47.24196614225543,-22.12228237286334,0],[-47.24169690187878,-22.12231410528564,0],[-47.24133430781187,-22.12229131813374,0],[-47.241019051465,-22.12216243467003,0],[-47.24081023582476,-22.1220315437399,0],[-47.24056996230729,-22.12192424448583,0],[-47.24023559538706,-22.12169673061798,0],[-47.24276925614181,-22.12067930581751,0],[-47.24366879733488,-22.12223733134641,0]]]",,1
cicq7s3ot,TALHAO_14,TALHAO,14D,4.59 ha,VALENCIA AMERICANA,,,0,0,0,#0bfed5,2653,"[[[-47.24019104085035,-22.12167956743214,0],[-47.23969969580405,-22.12087686837695,0],[-47.23951136098978,-22.12074080437375,0],[-47.23951982486406,-22.1203744846464,0],[-47.2396957089396,-22.12018678627907,0],[-47.23997321761912,-22.12016288743115,0],[-47.2400574980763,-22.12031286976904,0],[-47.24020731994463,-22.12044337710865,0],[-47.24032259302732,-22.12054691867896,0],[-47.24061885337533,-22.120416263263,0],[-47.24082166834055,-22.12000257114444,0],[-47.24096917070905,-22.11983496032758,0],[-47.24119088519101,-22.11958144557816,0],[-47.24142892704337,-22.11918627102152,0],[-47.2417382083772,-22.11884570685255,0],[-47.24278296771475,-22.12065600385464,0],[-47.24019104085035,-22.12167956743214,0]]]",,1
dln3mwe3c,TALHAO_15,TALHAO,29C,8.68 ha,VALENCIA,,,0,0,0,#fbff00,3884,"[[[-47.24685825344358,-22.11398580258369,0],[-47.24687708205045,-22.11401927836857,0],[-47.24680176807025,-22.11417169990455,0],[-47.2466830829151,-22.11445469441108,0],[-47.24658386184558,-22.1146784996175,0],[-47.2464703774958,-22.11492603921609,0],[-47.24637625621482,-22.11516910938393,0],[-47.2462845305964,-22.11542474984123,0],[-47.24619866223139,-22.11562251560012,0],[-47.24597745657168,-22.1159394743193,0],[-47.2452554657159,-22.11629995524481,0],[-47.24502187849135,-22.1164273532777,0],[-47.24466365573037,-22.1166210707174,0],[-47.2443554545393,-22.11679041734238,0],[-47.24417079725919,-22.11692876601833,0],[-47.24396443138009,-22.11707782551671,0],[-47.24360348681541,-22.11729509098715,0],[-47.24346414873542,-22.11709701173217,0],[-47.24216592983561,-22.11483824777648,0],[-47.24685825344358,-22.11398580258369,0]]]",,1
k2yg3xhvx,TALHAO_16,TALHAO,14B,5.92 ha,VALENCIA AMERICANA,,,0,0,0,#0bfed5,3469,"[[[-47.2434196518683,-22.11704196499194,0],[-47.24317475516846,-22.11711881145641,0],[-47.2429083046464,-22.11720579874198,0],[-47.24259988619723,-22.11733373511352,0],[-47.2424645347249,-22.11736236076433,0],[-47.242275788568,-22.1173930258311,0],[-47.24198900095633,-22.11741959899231,0],[-47.2418787783533,-22.11741502640248,0],[-47.2417257794648,-22.11739812389381,0],[-47.2415307366226,-22.11738534836143,0],[-47.24127234567099,-22.11738688874899,0],[-47.24101737820875,-22.1173948572803,0],[-47.24084375264278,-22.11738824599846,0],[-47.24046672841362,-22.11746421244536,0],[-47.24029807552439,-22.11752958218493,0],[-47.24015160165563,-22.11763391013232,0],[-47.23999998753404,-22.11782371535036,0],[-47.23989335743304,-22.11796679695463,0],[-47.23976057830878,-22.11804772206409,0],[-47.23837708946333,-22.11682727005862,0],[-47.242715527315,-22.11586375327541,0],[-47.2434196518683,-22.11704196499194,0]]]",,1
katzdli0m,TALHAO_17,TALHAO,12D,5.52 ha,HAMLIN,SW,2004-01-01,21,549,4 X 7,#9dff8a,1425,"[[[-47.23838652951089,-22.11679812148262,0],[-47.23810806007817,-22.11559657731508,0],[-47.23875883055311,-22.11547545769198,0],[-47.23961005497691,-22.11531948543175,0],[-47.24047880763408,-22.11515483678208,0],[-47.24145013984964,-22.11498528117867,0],[-47.24193468332513,-22.114888444603,0],[-47.24204940044648,-22.11487739495213,0],[-47.24212598488029,-22.11489979844063,0],[-47.24218548528488,-22.11493387696251,0],[-47.24224884904149,-22.11502376174272,0],[-47.24242842715277,-22.11534567907166,0],[-47.2427029149706,-22.11585124604019,0],[-47.23838652951089,-22.11679812148262,0]]]",,1
hpg7uuyc3,TALHAO_18,TALHAO,29A,9.09 ha,VAZIO,,,0,0,0,#FF0000,0,"[[[-47.2325828496363,-22.11658955772873,0],[-47.2355778234029,-22.11603806089465,0],[-47.2379285360734,-22.11563544742313,0],[-47.23802475411001,-22.11568965243255,0],[-47.23810342672655,-22.11578632859055,0],[-47.23821441598368,-22.11622897743159,0],[-47.23829041532193,-22.1165433688537,0],[-47.23827575342359,-22.11678613965299,0],[-47.23808120961743,-22.11685582036313,0],[-47.23749958511478,-22.11699954741793,0],[-47.23616326876986,-22.11729726859508,0],[-47.23566116418033,-22.11738764812294,0],[-47.23477771169737,-22.11760755054171,0],[-47.2333218680596,-22.1179035449611,0],[-47.2328634194176,-22.11798736211297,0],[-47.23270682895127,-22.1179292809816,0],[-47.23259866846961,-22.11784007528061,0],[-47.2325828496363,-22.11658955772873,0]]]",,1
1b860f3zq,TALHAO_19,TALHAO,14A,8.99 ha,VALENCIA AMERICANA,,,0,0,0,#0bfed5,5329,"[[[-47.2397557336005,-22.11810747928014,0],[-47.23929471042834,-22.11872219896558,0],[-47.23901264215744,-22.11909156310264,0],[-47.23891179786457,-22.11915725644832,0],[-47.23877363144478,-22.1193115639319,0],[-47.23861157368203,-22.11959086821851,0],[-47.23860863352761,-22.11976635591864,0],[-47.23842717458844,-22.12009911145365,0],[-47.23826656710832,-22.12051143127908,0],[-47.23816406053795,-22.12076787958226,0],[-47.23657435190979,-22.12058000054206,0],[-47.23652334739507,-22.12047608995195,0],[-47.23647949504789,-22.1202153390457,0],[-47.23646633947349,-22.11995574948045,0],[-47.23642235639518,-22.11979512726897,0],[-47.23641733096756,-22.11965466470058,0],[-47.23640662980211,-22.1195581547032,0],[-47.23639319177613,-22.11943693059034,0],[-47.23636143506422,-22.11920030107647,0],[-47.2367654613481,-22.11833610032459,0],[-47.23703616108101,-22.11780228269835,0],[-47.23734098546272,-22.11743134010742,0],[-47.23755595108065,-22.11722916168807,0],[-47.23773777579676,-22.11698535669586,0],[-47.23832037794866,-22.11683849665596,0],[-47.2397557336005,-22.11810747928014,0]]]",,1
ic09y0i5d,TALHAO_20,TALHAO,29B,1.26 ha,VAZIO,,,0,0,0,#FF0000,0,"[[[-47.23756085542315,-22.11715737794782,0],[-47.23713263496106,-22.11765043568112,0],[-47.23687632021587,-22.11805886535822,0],[-47.23665200649295,-22.11852420128804,0],[-47.23634784998032,-22.11912808516484,0],[-47.23618695802746,-22.11773456200931,0],[-47.23617248407954,-22.11743805572284,0],[-47.23619732016305,-22.11732277106362,0],[-47.23769264513669,-22.11698219799849,0],[-47.23756085542315,-22.11715737794782,0]]]",,1
l7jwxi6ax,TALHAO_21,TALHAO,9A,5.79 ha,PERA RIO,CR,2017-01-01,8,231,"2,5 x 6,5",#4d70ff,3479,"[[[-47.23642579473818,-22.12001242761871,0],[-47.23648370339372,-22.12060880079273,0],[-47.23573888150046,-22.12056652716141,0],[-47.23506032578526,-22.12051729624215,0],[-47.23468229474567,-22.12048820009787,0],[-47.23464236278799,-22.11766465463784,0],[-47.23612926914836,-22.11733200534494,0],[-47.23642579473818,-22.12001242761871,0]]]",,1
ftyteyb2l,TALHAO_22,TALHAO,9B,6.22 ha,PERA RIO,CR,2017-01-01,8,354,"2,5 x 6,5",#4d70ff,3337,"[[[-47.23467338083928,-22.12050257746541,0],[-47.23251036666163,-22.12038486974473,0],[-47.23249792517404,-22.11812586048013,0],[-47.23380926521835,-22.11785359621953,0],[-47.23461155478259,-22.1176810557019,0],[-47.23467338083928,-22.12050257746541,0]]]",,1
eqlhwer49,TALHAO_23,TALHAO,31A,6.45 ha,VALENCIA,,,0,0,0,#fbff00,3497,"[[[-47.23549363881356,-22.12369965261845,0],[-47.23615784221785,-22.12382819795966,0],[-47.23739517582003,-22.12398570535028,0],[-47.23827835176767,-22.12408112159015,0],[-47.23830418976201,-22.12444610240666,0],[-47.23761609981945,-22.12463008752466,0],[-47.23733688464275,-22.12472125155161,0],[-47.23709804855233,-22.12480179567364,0],[-47.23677164670815,-22.12490130789345,0],[-47.23645403577783,-22.1249877789484,0],[-47.2360205150674,-22.12514931823265,0],[-47.23566318449296,-22.12525298851123,0],[-47.23502785545492,-22.12540933763982,0],[-47.23463083831477,-22.1244660930625,0],[-47.23437635909499,-22.12389378773524,0],[-47.23396178276847,-22.12310277359037,0],[-47.23549363881356,-22.12369965261845,0]]]",,1
qr9qki8ki,TALHAO_24,TALHAO,13,4.73 ha,VALENCIA,SW,2017-01-01,8,42,"2,5 x 6,5",#fbff00,2638,"[[[-47.23805232522828,-22.12076993301535,0],[-47.23790274966922,-22.12113673458326,0],[-47.23779538940509,-22.12136837973673,0],[-47.23781587423795,-22.12259316044331,0],[-47.23782986671308,-22.12277052095533,0],[-47.23791028696894,-22.12288714735061,0],[-47.23819162677209,-22.12287218665725,0],[-47.23821981916964,-22.12305069591,0],[-47.23829672511472,-22.12357838031588,0],[-47.23828681669415,-22.12406814223275,0],[-47.23688929454066,-22.12390405298375,0],[-47.23685098751741,-22.12365804763708,0],[-47.23682442797241,-22.12310704447725,0],[-47.2367338323302,-22.12250889914245,0],[-47.23666396378946,-22.12186320672577,0],[-47.23659515850248,-22.12118543751217,0],[-47.2365480093455,-22.12061459571013,0],[-47.23805232522828,-22.12076993301535,0]]]",,1
5zwt78c1o,TALHAO_25,TALHAO,9C,7.17 ha,PERA RIO,CR,2017-01-01,8,412,"2,5 x 6,5",#4d70ff,3028,"[[[-47.23672908412301,-22.1225574916676,0],[-47.23679833443188,-22.12325083335805,0],[-47.23687055425204,-22.12389977748394,0],[-47.23621197020444,-22.12382997746336,0],[-47.23593368011115,-22.12379059021094,0],[-47.23557589099475,-22.12371482809667,0],[-47.23531192129061,-22.12363106535593,0],[-47.23498274824561,-22.12349423711984,0],[-47.23471796313757,-22.12339964539674,0],[-47.23467627252273,-22.12048831997111,0],[-47.23649518200348,-22.12060615080684,0],[-47.23672908412301,-22.1225574916676,0]]]",,1
x9h8vsoon,TALHAO_26,TALHAO,9D,6.23 ha,PERA RIO,CR,2017-01-01,8,600,"2,5 x 6,5",#4d70ff,3622,"[[[-47.23470571933246,-22.12338894402234,0],[-47.23256055380858,-22.12256682496122,0],[-47.23250196475448,-22.12037572425056,0],[-47.23466499403501,-22.1205091530418,0],[-47.23470571933246,-22.12338894402234,0]]]",,1
2tb61vpbb,TALHAO_27,TALHAO,11C,6.57 ha,VALENCIA,CR,2008-01-01,17,847,"2,6 x 7",#fbff00,2656,"[[[-47.22857233582484,-22.12466716935585,0],[-47.22897610799593,-22.12473102566238,0],[-47.2291212154671,-22.12474850224218,0],[-47.22929181836896,-22.12472195441802,0],[-47.22941925894087,-22.12467865176247,0],[-47.22963196000293,-22.12459289928642,0],[-47.22980325997327,-22.12453169547819,0],[-47.22994375047126,-22.12448314423026,0],[-47.23004265918996,-22.12443174981032,0],[-47.23026463033239,-22.12438323242899,0],[-47.23037455573684,-22.12421498643381,0],[-47.23048137811849,-22.12403869886004,0],[-47.23060338604726,-22.12377079156797,0],[-47.23099415696601,-22.12326725681436,0],[-47.23144614587481,-22.1226460827823,0],[-47.23174888935974,-22.12226405169089,0],[-47.23253314677039,-22.12257531781133,0],[-47.23257108362788,-22.12454943123898,0],[-47.22895902294431,-22.12563948664923,0],[-47.22857233582484,-22.12466716935585,0]]]",,1
oysl1sim1,TALHAO_28,TALHAO,11B,6.05 ha,VALENCIA,CR,2008-01-01,17,847,"2,6 x 7",#fbff00,2656,"[[[-47.23262797578187,-22.12613548401081,0],[-47.23192162968963,-22.12633896300543,0],[-47.23105759568002,-22.12661198322122,0],[-47.2295001541628,-22.12706904691841,0],[-47.22896353285244,-22.12564980461254,0],[-47.23257409827214,-22.12454503404791,0],[-47.23262797578187,-22.12613548401081,0]]]",,1
kam3efkw7,TALHAO_29,TALHAO,11A,7.88 ha,VALENCIA,CR,2008-01-01,17,758,"2,6 x 7",#fbff00,2602,"[[[-47.22823538654545,-22.12410701406745,0],[-47.22835333039779,-22.12446065981352,0],[-47.22855748650975,-22.12468963543515,0],[-47.22938743180461,-22.12684582568618,0],[-47.22944551952279,-22.12706424513175,0],[-47.22911881463357,-22.12717457441423,0],[-47.22745946294653,-22.12769192716809,0],[-47.22618123706679,-22.1243115162471,0],[-47.22823538654545,-22.12410701406745,0]]]",,1
j7jjs3b69,TALHAO_30,TALHAO,8A,10.96 ha,HAMLIN,SW,2012-01-01,13,98,"2,6 x 6,5",#9dff8a,5962,"[[[-47.22903462992127,-22.12063151124454,0],[-47.22881091328811,-22.12083842118719,0],[-47.22856167070173,-22.12103968001666,0],[-47.22838400312083,-22.12151963923974,0],[-47.22826600696578,-22.1219356349412,0],[-47.22817489099854,-22.12227988244319,0],[-47.22807295862777,-22.12267380587069,0],[-47.22805038143904,-22.12288626392542,0],[-47.22801183514265,-22.1231869245979,0],[-47.22803416586778,-22.12337039569641,0],[-47.22805704725512,-22.12349037295429,0],[-47.22808081981876,-22.12367912286715,0],[-47.22815133698316,-22.12385831410884,0],[-47.22821218399051,-22.1240729445606,0],[-47.22762963379014,-22.12414275607576,0],[-47.22724784824153,-22.12417887718419,0],[-47.22670469962499,-22.12425058773347,0],[-47.22617815508909,-22.12429253612418,0],[-47.2251771298298,-22.12168569312902,0],[-47.2286464514142,-22.1200217204457,0],[-47.22903462992127,-22.12063151124454,0]]]",,1
8id51ttna,TALHAO_31,TALHAO,7B,9.69 ha,VALENCIA,CR,2012-01-01,13,275,"2,6 x 6,5",#fbff00,5476,"[[[-47.2251742602718,-22.12165838795327,0],[-47.22427319125174,-22.11922895849068,0],[-47.22591394771437,-22.11861146356119,0],[-47.22720419521024,-22.11826763673183,0],[-47.22740046825691,-22.11817720035224,0],[-47.22751420013019,-22.11823116090011,0],[-47.22864279518208,-22.12003499830452,0],[-47.2251742602718,-22.12165838795327,0]]]",,1
nn0pdqa4n,TALHAO_32,TALHAO,10,3.98 ha,PERA RIO,CR,2017-01-01,8,231,"2,5 x 6,5",#4d70ff,1919,"[[[-47.22958471511418,-22.12023823422063,0],[-47.23051160191048,-22.12051843041509,0],[-47.23099982081485,-22.12062463568537,0],[-47.23154245889728,-22.12065406752748,0],[-47.23195142665579,-22.12061001712363,0],[-47.23220083882276,-22.12047262995788,0],[-47.23248869085705,-22.12039565138991,0],[-47.23254745721653,-22.12256994953237,0],[-47.2317536075864,-22.12224712594169,0],[-47.23018805387085,-22.12084763168237,0],[-47.22968542924703,-22.12064378658707,0],[-47.22944399683664,-22.12061958767513,0],[-47.22921937498545,-22.12063339885709,0],[-47.22909128150359,-22.12066668585871,0],[-47.22854531024573,-22.11982529124759,0],[-47.22958471511418,-22.12023823422063,0]]]",,1
9yecn8yhq,TALHAO_33,TALHAO,7D,7.91 ha,VALENCIA,CR,2012-01-01,13,121,"2,6 x 6,5",#fbff00,4231,"[[[-47.23249581804623,-22.12038490511877,0],[-47.23179612211728,-22.12061496821258,0],[-47.23117540753626,-22.1206157448312,0],[-47.2309714133284,-22.12060809745492,0],[-47.23072471314646,-22.12054428015361,0],[-47.23039476499016,-22.12046101353431,0],[-47.2301191624306,-22.12035412522128,0],[-47.22993803675947,-22.12029646595983,0],[-47.22960590155334,-22.12021157101997,0],[-47.22935946195754,-22.12011783377261,0],[-47.22898524250505,-22.11995718673447,0],[-47.22851175929995,-22.11978122790888,0],[-47.22826541803948,-22.11938550562985,0],[-47.23245314801421,-22.11816717261082,0],[-47.23249581804623,-22.12038490511877,0]]]",,1
3maouo9py,TALHAO_34,TALHAO,7C,6.76 ha,VALENCIA,CR,2012-01-01,13,108,"2,6 x 6,5",#fbff00,4381,"[[[-47.23244635954805,-22.11665763186548,0],[-47.23245772771079,-22.11814337908717,0],[-47.2282818070212,-22.11937396702055,0],[-47.22752312491225,-22.11816121125095,0],[-47.23244635954805,-22.11665763186548,0]]]",,1
hi7t172qj,TALHAO_35,TALHAO,5,4.33 ha,VAZIO,,,0,0,0,#FF0000,0,"[[[-47.2255211152453,-22.11871271502519,0],[-47.22532294912333,-22.11814640076636,0],[-47.22531710904569,-22.11786420349299,0],[-47.22515881193295,-22.11783692125533,0],[-47.22511623141028,-22.11774653599942,0],[-47.23226857302505,-22.1166131899891,0],[-47.2255211152453,-22.11871271502519,0]]]",,1
j9dai3m9u,TALHAO_36,TALHAO,7A,3.56 ha,VALENCIA,SW,2012-01-01,13,149,"2,6 X 6,5",#fbff00,2085,"[[[-47.2251311261133,-22.11785098721223,0],[-47.22544857063817,-22.11864247959642,0],[-47.2254577394149,-22.11874864483513,0],[-47.22417719063175,-22.11922548727951,0],[-47.22255551793502,-22.11587319377778,0],[-47.2251311261133,-22.11785098721223,0]]]",,1
ff28vbpgl,TALHAO_37,TALHAO,4,4.96 ha,VAZIO,,,0,0,0,#FF0000,0,"[[[-47.22377112500539,-22.11846019331729,0],[-47.22267673919708,-22.11886046183408,0],[-47.22251975136176,-22.11841882551247,0],[-47.22248260335103,-22.11822780439028,0],[-47.22247805908121,-22.11801782259272,0],[-47.22220253616948,-22.11792380496669,0],[-47.22203544361014,-22.11778118467276,0],[-47.22175144302761,-22.11734381916924,0],[-47.22164222360747,-22.11721946546028,0],[-47.22137559211551,-22.11716066585083,0],[-47.22104353027591,-22.11712684541177,0],[-47.22098056663044,-22.11708568065259,0],[-47.22096404748383,-22.11675921121054,0],[-47.22136732509367,-22.11635847283004,0],[-47.22159718240037,-22.1161017110657,0],[-47.22181953321095,-22.11579874173493,0],[-47.22206973862903,-22.11559804544853,0],[-47.2222656773467,-22.11563763617897,0],[-47.22250235037169,-22.11579575730279,0],[-47.22377112500539,-22.11846019331729,0]]]",,1
tsz8g28dt,TALHAO_38,TALHAO,8B,1.63 ha,HAMLIN,SW,2012-01-01,13,43,"2,6 x 6,5",#9dff8a,924,"[[[-47.22143792395094,-22.11721443492449,0],[-47.22165999995749,-22.11728143176689,0],[-47.22175761554732,-22.11740682277033,0],[-47.22204049945691,-22.11783259290596,0],[-47.22203144659943,-22.11801339261717,0],[-47.22221959052969,-22.11821592504013,0],[-47.22222491509276,-22.118335877927,0],[-47.22228695140349,-22.11834729643286,0],[-47.22234243812926,-22.11834636272788,0],[-47.22241285748181,-22.11831786117173,0],[-47.22248016150441,-22.11836323679197,0],[-47.22253961940788,-22.11856289685827,0],[-47.22266396870083,-22.11885762088757,0],[-47.22254117412271,-22.11892373163074,0],[-47.22206195721162,-22.11908364945337,0],[-47.221978712386,-22.1190106635309,0],[-47.22181427346779,-22.11869587602281,0],[-47.22150763410102,-22.11838112385312,0],[-47.22097659715798,-22.1179052558616,0],[-47.22104877876277,-22.11716263677535,0],[-47.22143792395094,-22.11721443492449,0]]]",,1
hzqbk3j8u,TALHAO_39,TALHAO,3,6.87 ha,HAMLIN,SW,2004-01-01,21,440,4,#9dff8a,1939,"[[[-47.21992455887325,-22.11781306438325,0],[-47.22009015543503,-22.11808648755215,0],[-47.2202934278513,-22.11820218739744,0],[-47.22054981650215,-22.11836048670662,0],[-47.22076605586283,-22.11833636998172,0],[-47.22125399804865,-22.1185590003636,0],[-47.22150515148323,-22.11879486748167,0],[-47.22163309788378,-22.11888062669747,0],[-47.2217340342886,-22.119034001094,0],[-47.22175923621162,-22.11921865327718,0],[-47.22178995904398,-22.11942092937565,0],[-47.22177640133786,-22.11960662279346,0],[-47.22175403383611,-22.11975913525388,0],[-47.22174267160136,-22.11988261715397,0],[-47.22171745692865,-22.11998120270459,0],[-47.21933316077585,-22.12082596788762,0],[-47.2184245698046,-22.11833426306912,0],[-47.21992455887325,-22.11781306438325,0]]]",,1
xos90j05l,TALHAO_40,TALHAO,6E,3.85 ha,HAMLIN,SW,2004-01-01,21,681,4 x 7,#9dff8a,697,"[[[-47.22582966473896,-22.12348618427519,0],[-47.22250140903472,-22.12455563506112,0],[-47.22230347511599,-22.12422392383458,0],[-47.22314105232811,-22.12394185543337,0],[-47.22347998157611,-22.12384230079916,0],[-47.22381541257526,-22.12368906797732,0],[-47.22417901909974,-22.12344171037313,0],[-47.22452635065953,-22.12307085761198,0],[-47.22467952007874,-22.12285722366445,0],[-47.22474158167209,-22.12236500474964,0],[-47.22474166820988,-22.1218476308304,0],[-47.22481143956747,-22.12160062116347,0],[-47.22477435823829,-22.12136195298893,0],[-47.2245813628946,-22.12107143414001,0],[-47.22437904192725,-22.12081234982315,0],[-47.22411367624944,-22.12062490444928,0],[-47.22376144633286,-22.12036744145635,0],[-47.2235653497937,-22.11987986437379,0],[-47.22367891774985,-22.11975485098393,0],[-47.22389849842791,-22.11970486932954,0],[-47.22416316522035,-22.11953961425394,0],[-47.22427696550773,-22.11939276299781,0],[-47.22582966473896,-22.12348618427519,0]]]",,1
sdkgbpjmm,TALHAO_41,TALHAO,6D,6.15 ha,HAMLIN,SW,2004-01-01,21,1432,4 x 7,#9dff8a,1781,"[[[-47.22640149174551,-22.12498093039255,0],[-47.22338977813076,-22.12589491256825,0],[-47.22251284784366,-22.12456663188728,0],[-47.22581419429709,-22.12351061934631,0],[-47.22640149174551,-22.12498093039255,0]]]",R-697,1
o34alplnq,TALHAO_42,TALHAO,6A,14.93 ha,VAZIO,,,0,0,0,#FF0000,0,"[[[-47.22175518490283,-22.12829535969899,0],[-47.22340232440898,-22.12589042155611,0],[-47.22638226672283,-22.12500492622005,0],[-47.22739888973112,-22.12768328003316,0],[-47.2226927302812,-22.12913513222106,0],[-47.2221633339566,-22.12872168803449,0],[-47.22186179368098,-22.12846309145558,0],[-47.22175518490283,-22.12829535969899,0]]]",,1
xdgc40gx4,TALHAO_43,TALHAO,6C,7.04 ha,HAMLIN,SW,2004-01-01,21,0,4 x 7,#9dff8a,947,"[[[-47.22338201293686,-22.12588705153389,0],[-47.22172929664748,-22.12830654567347,0],[-47.22063957556285,-22.1273776081312,0],[-47.22086303592955,-22.1264587749097,0],[-47.2211091957848,-22.12564625203723,0],[-47.22136629460101,-22.12490066277917,0],[-47.22184990253765,-22.12441495491585,0],[-47.22227356171369,-22.12423783306567,0],[-47.22338201293686,-22.12588705153389,0]]]",2721 REPLANTIO,1
nv4fsinfz,TALHAO_44,TALHAO,2B,10.41 ha,PERA RIO,CR,2019-01-01,6,90,"2,5 X 6,5",#4d70ff,3742,"[[[-47.22264391355952,-22.12913707779392,0],[-47.2179671859266,-22.13056443411838,0],[-47.21821407265583,-22.12886683485507,0],[-47.2184327978507,-22.12897219135823,0],[-47.21861632826855,-22.1290212265664,0],[-47.21873443685638,-22.12905124338079,0],[-47.21886093509552,-22.12908155152109,0],[-47.21918117535644,-22.12908148301374,0],[-47.21948396179098,-22.12899856311408,0],[-47.21971805922257,-22.12889185970164,0],[-47.21979701181436,-22.12879795462482,0],[-47.21997748037701,-22.12862115310014,0],[-47.22012338830239,-22.12845101841837,0],[-47.22027160834409,-22.1282505961085,0],[-47.22050168609523,-22.12795656039015,0],[-47.22061691125174,-22.12776177315227,0],[-47.22072402412267,-22.12749840230998,0],[-47.22264391355952,-22.12913707779392,0]]]",,1
bj551kvap,TALHAO_45,TALHAO,2A,5.83 ha,PERA RIO,CR,2019-01-01,6,57,"2,5 X 6,5",#4d70ff,2671,"[[[-47.21796123086455,-22.13055418569233,0],[-47.2167383222357,-22.13093259924375,0],[-47.2167000757976,-22.13013485575707,0],[-47.21667568499552,-22.12952512996196,0],[-47.21694451103789,-22.12764936696327,0],[-47.2183657050086,-22.12784842904384,0],[-47.21831482183345,-22.1280722179005,0],[-47.21827425094114,-22.12815908586282,0],[-47.21824574416268,-22.12829010637135,0],[-47.2181990750252,-22.12847387365194,0],[-47.2182053358888,-22.12876006665235,0],[-47.2182257969503,-22.12881787960754,0],[-47.21796123086455,-22.13055418569233,0]]]",,1
4jihdtq9b,TALHAO_46,TALHAO,1C,6.42 ha,NATAL,SW,2013-01-01,12,42,"2,2 x 6,5",#50ce6f,4471,"[[[-47.21975625229967,-22.1247041864017,0],[-47.21972128979779,-22.12490195852524,0],[-47.21950298126924,-22.1253037922896,0],[-47.2194222829612,-22.12552468653083,0],[-47.21934169035204,-22.12571149992309,0],[-47.21922387810917,-22.12600318627552,0],[-47.2191184455715,-22.12621978621607,0],[-47.21903861549924,-22.12636449363968,0],[-47.21893188721405,-22.12661351436336,0],[-47.21884540394236,-22.12683981411881,0],[-47.21865479360913,-22.12724166479725,0],[-47.21846448772746,-22.12763986273489,0],[-47.21837699525494,-22.12782859146259,0],[-47.21696203875249,-22.12761266065903,0],[-47.21744144266825,-22.12461993294116,0],[-47.21975625229967,-22.1247041864017,0]]]",,1
artj4xn5u,TALHAO_47,TALHAO,1B,11.78 ha,NATAL,SW,2013-01-01,12,49,"2,2 x 6,5",#50ce6f,5409,"[[[-47.21906592214665,-22.12466756333296,0],[-47.2195442964444,-22.1214006501351,0],[-47.22124142470195,-22.12121140286329,0],[-47.22186813842926,-22.12114924311657,0],[-47.22210737735415,-22.12118074860506,0],[-47.22220518208927,-22.12140618202905,0],[-47.22211146920032,-22.1223635421839,0],[-47.22197913604806,-22.12261140850452,0],[-47.22186708739936,-22.12291734721791,0],[-47.22172549552828,-22.12304913318384,0],[-47.22150811611604,-22.12308529227432,0],[-47.22133513480113,-22.12319234291828,0],[-47.22118885335502,-22.12327830419263,0],[-47.22106371520609,-22.1234089804326,0],[-47.22081967353455,-22.12361679427052,0],[-47.22056682430055,-22.12383791829241,0],[-47.22044731389601,-22.12395367358018,0],[-47.22026778106398,-22.12412801049957,0],[-47.22010811604494,-22.12432245525509,0],[-47.2200554230809,-22.12444291686799,0],[-47.21996684891864,-22.12453523504384,0],[-47.21986020716879,-22.12465838785036,0],[-47.21981618495529,-22.12469558143104,0],[-47.21906592214665,-22.12466756333296,0]]]",,1
dzd1zpbng,TALHAO_48,TALHAO,111,8.66 ha,VALENCIA AMERICANA,,,0,0,0,#0bfed5,0,"[[[-47.21746703078419,-22.12289955163942,0],[-47.21705809622598,-22.12576879538277,0],[-47.21445757211103,-22.12581459038794,0],[-47.21414158690062,-22.12318560437759,0],[-47.21746703078419,-22.12289955163942,0]]]",,1
l3swkjn4a,TALHAO_49,TALHAO,110,7.4 ha,VALENCIA AMERICANA,,,0,0,0,#0bfed5,2714,"[[[-47.21655833915323,-22.12882933235808,0],[-47.21471950300079,-22.12834553930431,0],[-47.21446714997835,-22.12582225718804,0],[-47.21705368907938,-22.12577266890652,0],[-47.21655833915323,-22.12882933235808,0]]]",,1
7b2jaja95,TALHAO_50,TALHAO,109,4.83 ha,VALENCIA AMERICANA,,,0,0,0,#0bfed5,1739,"[[[-47.21597010338736,-22.12869571841651,0],[-47.21655833915323,-22.12882933235808,0],[-47.21662354448234,-22.13076900121425,0],[-47.21488328987376,-22.13081631535491,0],[-47.21470661496198,-22.12834824018057,0],[-47.21597010338736,-22.12869571841651,0]]]",,1
6ayguv4o8,TALHAO_51,TALHAO,107,6.11 ha,VALENCIA AMERICANA,,,0,0,0,#0bfed5,3694,"[[[-47.21464387271909,-22.12832223245967,0],[-47.21485272010258,-22.13079496941365,0],[-47.21429881366401,-22.13092297930262,0],[-47.21432081400307,-22.1305420787596,0],[-47.2137109358737,-22.12960936084848,0],[-47.21322243137771,-22.12915119222848,0],[-47.2123683260065,-22.12864231788501,0],[-47.21080527215315,-22.12809625949123,0],[-47.21068358790691,-22.12798263820376,0],[-47.21040879236201,-22.12785602119934,0],[-47.20988987817915,-22.12767583060535,0],[-47.20950328332214,-22.12769185453237,0],[-47.21002099607181,-22.12666436927248,0],[-47.21464387271909,-22.12832223245967,0]]]",,1
p4zmdujuz,TALHAO_52,TALHAO,108,9.52 ha,VALENCIA AMERICANA,,,0,0,0,#0bfed5,0,"[[[-47.2166205812213,-22.13233247896255,0],[-47.21624208311806,-22.13312301455498,0],[-47.21625585552296,-22.13307103126789,0],[-47.21577052511623,-22.13418120628072,0],[-47.2151466170556,-22.1356102418199,0],[-47.21463454198069,-22.13527787850335,0],[-47.21449188809477,-22.13477308980474,0],[-47.21420357220038,-22.13402430217187,0],[-47.21406635444345,-22.13256365060553,0],[-47.21428550542214,-22.13096724534517,0],[-47.21483880868816,-22.13082546833083,0],[-47.21660863193581,-22.13082628724897,0],[-47.2166205812213,-22.13233247896255,0]]]",,1
wg48rjvjp,TALHAO_53,TALHAO,23A,9.07 ha,PERA RIO,,,0,0,0,#4d70ff,3407,"[[[-47.21199896991651,-22.12249074555129,0],[-47.21226946833355,-22.12230614982384,0],[-47.21292011219196,-22.12217835412399,0],[-47.21332921280176,-22.12209801972439,0],[-47.21378495663916,-22.121950458851,0],[-47.21394076460805,-22.12202893124934,0],[-47.21396493447411,-22.1222982278067,0],[-47.21401818781748,-22.12279076357115,0],[-47.21415007931669,-22.1235845261729,0],[-47.21437044326542,-22.12580641005964,0],[-47.21102321694145,-22.12460829269276,0],[-47.21199896991651,-22.12249074555129,0]]]",,1
o00vyv5et,TALHAO_54,TALHAO,23B,10.86 ha,PERA RIO,,,0,0,0,#4d70ff,5848,"[[[-47.21099461813557,-22.12463517208912,0],[-47.21423875971787,-22.12580361085605,0],[-47.21441165935973,-22.12586928485693,0],[-47.21467906379166,-22.12833422947362,0],[-47.21002898305043,-22.12665908178621,0],[-47.21099461813557,-22.12463517208912,0]]]",,1
027p3g2hm,TALHAO_55,TALHAO,100,12.92 ha,PERA RIO,,,0,0,0,#4d70ff,0,"[[[-47.20986107817804,-22.1204581082066,0],[-47.20985457089363,-22.1205141401306,0],[-47.20919727322322,-22.12124981268116,0],[-47.2088516214875,-22.12162659126544,0],[-47.20832930990309,-22.122063643787,0],[-47.2082331932342,-22.12213617010381,0],[-47.20750849652866,-22.12262185219528,0],[-47.20714844116283,-22.122831850887,0],[-47.20704634238256,-22.1228697104018,0],[-47.20273751289128,-22.12327928827524,0],[-47.20250887183592,-22.12325575718973,0],[-47.20234621015076,-22.1233010715988,0],[-47.20208335633531,-22.12347861362309,0],[-47.20173643187806,-22.1236757825988,0],[-47.20145668217569,-22.12387758524708,0],[-47.20134875478006,-22.12390863929106,0],[-47.20112808678381,-22.1240132141617,0],[-47.20094539381515,-22.12412009284269,0],[-47.20079059975115,-22.12424273508494,0],[-47.20070502045042,-22.12428831199842,0],[-47.20038384778962,-22.12436299769885,0],[-47.20031319706084,-22.12433276235006,0],[-47.20016773955984,-22.12418701077679,0],[-47.20011124888833,-22.12406846540145,0],[-47.19992332714378,-22.12377652535272,0],[-47.19975401336363,-22.12341341664576,0],[-47.19961299202506,-22.12311770707431,0],[-47.19955910671381,-22.12298037866084,0],[-47.19947548978401,-22.12262211703277,0],[-47.20986107817804,-22.1204581082066,0]]]",,1
maams1pyo,TALHAO_56,TALHAO,101,10.19 ha,PERA RIO,,,0,0,0,#4d70ff,0,"[[[-47.21123608905064,-22.12107447386937,0],[-47.21123063300482,-22.12154677098839,0],[-47.21120137231444,-22.12236919427106,0],[-47.21115298566053,-22.12303982978459,0],[-47.2111062183218,-22.12348175921437,0],[-47.21083822312087,-22.12405761807449,0],[-47.21054664688061,-22.12441830194124,0],[-47.20990001710153,-22.1250140240441,0],[-47.20966363092247,-22.12517997130688,0],[-47.20955397518572,-22.12518606561724,0],[-47.20944987689109,-22.12514615291993,0],[-47.20936908584248,-22.12511747171235,0],[-47.20930163401052,-22.12505878738922,0],[-47.20926941226479,-22.12493411304044,0],[-47.2090137163225,-22.12309789580165,0],[-47.20895354511756,-22.12299660893096,0],[-47.2088595981553,-22.12288851151637,0],[-47.20873232416668,-22.12277959725443,0],[-47.20859893272467,-22.12264940878163,0],[-47.20843997565009,-22.12254643908537,0],[-47.20825487304513,-22.12240816819728,0],[-47.20822982059643,-22.12230789324405,0],[-47.20838615870005,-22.12213964651978,0],[-47.2087177453898,-22.12187119840003,0],[-47.2095478531718,-22.12098732915953,0],[-47.21010075489282,-22.12040004331871,0],[-47.21082666013232,-22.12025093224004,0],[-47.21123608905064,-22.12107447386937,0]]]",,1
9nbhgg1v4,TALHAO_57,TALHAO,102,0.99 ha,PERA RIO,,,0,0,0,#4d70ff,0,"[[[-47.21169471811575,-22.12202101007504,0],[-47.2121125888622,-22.12219932148247,0],[-47.21157257832895,-22.12332354733974,0],[-47.21121892720554,-22.12316538546549,0],[-47.21131109754193,-22.12114578682545,0],[-47.21169471811575,-22.12202101007504,0]]]",,1
5lb928e2g,TALHAO_58,TALHAO,103,3.68 ha,PERA RIO,,,0,0,0,#4d70ff,0,"[[[-47.20962078599019,-22.12739246627072,0],[-47.20558012723223,-22.12542329117331,0],[-47.20808606033265,-22.12355381497965,0],[-47.20878779932134,-22.12306300535001,0],[-47.20886304395547,-22.12305872489466,0],[-47.20893169934429,-22.12320296109442,0],[-47.2089879754929,-22.12382684651981,0],[-47.20906465552525,-22.124515233766,0],[-47.2091443611524,-22.12504169139406,0],[-47.20923064536277,-22.12515429510501,0],[-47.20952275138962,-22.12530662176898,0],[-47.20971365223503,-22.12533866173505,0],[-47.20978776856499,-22.12527288707366,0],[-47.2102391686408,-22.12485946405856,0],[-47.21044905386651,-22.12466578708272,0],[-47.21064203528796,-22.12448278489834,0],[-47.21076916739049,-22.12436903365266,0],[-47.21131917497918,-22.12326892594254,0],[-47.21153111262714,-22.12336060627454,0],[-47.20962078599019,-22.12739246627072,0]]]",,1
e4tlrl0i6,TALHAO_59,TALHAO,104,0 ha,PERA RIO,,,0,0,0,#4d70ff,0,"[[[-47.20953779922987,-22.12754470863884,0],[-47.20948641181085,-22.1276721572486,0],[-47.20936075616825,-22.12770892060549,0],[-47.20886076208485,-22.12769316108319,0],[-47.20840017026197,-22.12769301208587,0],[-47.20791631627425,-22.12774946454374,0],[-47.20746119118539,-22.12788011744709,0],[-47.20678541213198,-22.12813147541123,0],[-47.20559307971961,-22.12844949876539,0],[-47.20534974431742,-22.12846301461648,0],[-47.20497575145798,-22.12849082759064,0],[-47.20439312939363,-22.1285380593383,0],[-47.20377604628678,-22.1286562853857,0],[-47.2034332617655,-22.12875971483473,0],[-47.2031657500734,-22.12883285414456,0],[-47.20261481739797,-22.12896676556274,0],[-47.20206990184712,-22.12899941336992,0],[-47.20177193728802,-22.12898797963566,0],[-47.2016871980502,-22.12892673038358,0],[-47.20158322745102,-22.12890059869778,0],[-47.2014515955608,-22.12883122465221,0],[-47.20137979965172,-22.12870261325711,0],[-47.20133565318219,-22.12861985059631,0],[-47.20137485043304,-22.12853274886849,0],[-47.2055771233648,-22.12543245530024,0],[-47.20960403422714,-22.12739898879664,0],[-47.20953779922987,-22.12754470863884,0]]]",,1
y4ba76nlx,TALHAO_60,TALHAO,106,0 ha,PERA RIO,,,0,0,0,#4d70ff,0,"[[[-47.20557348697397,-22.12542159799479,0],[-47.20205038046586,-22.12364195672728,0],[-47.20220737377429,-22.12354638575132,0],[-47.2022954140513,-22.12351469157246,0],[-47.20252139328432,-22.12340702396508,0],[-47.20268376240598,-22.12338351835729,0],[-47.20410161949913,-22.1232080739077,0],[-47.20549182685219,-22.12309647435135,0],[-47.20718980290388,-22.12293235993697,0],[-47.20800850898064,-22.12241255921502,0],[-47.20821155565961,-22.12252665635904,0],[-47.20842791883836,-22.12267751781584,0],[-47.2086405837759,-22.12286865163346,0],[-47.20879319756205,-22.12304393174751,0],[-47.20557348697397,-22.12542159799479,0]]]",,1
a5aojdb4z,TALHAO_61,TALHAO,105,0 ha,VAZIO,,,0,0,0,#FF0000,0,"[[[-47.20557280933496,-22.12542275947713,0],[-47.2014807272255,-22.12843956781297,0],[-47.20131215386232,-22.12858353882977,0],[-47.20121145454254,-22.12844585859642,0],[-47.20120073340141,-22.12834630630019,0],[-47.20117629285991,-22.12821797382878,0],[-47.20116628537566,-22.1281309474875,0],[-47.20112626309052,-22.12795845402726,0],[-47.20115026206666,-22.1277882806735,0],[-47.20115387408148,-22.12765230551272,0],[-47.20117748958424,-22.12737861034449,0],[-47.20123627907699,-22.12719094147773,0],[-47.20141663443844,-22.12684214606378,0],[-47.2016306989366,-22.12645621677009,0],[-47.2018789303625,-22.12601074944313,0],[-47.20194427877313,-22.12577826730243,0],[-47.2020719954562,-22.12541626537858,0],[-47.20213043141996,-22.12511726557378,0],[-47.20217175274453,-22.1249166050096,0],[-47.20218032001981,-22.12454690539307,0],[-47.20214978106755,-22.1244026232394,0],[-47.2021457505111,-22.12423174100834,0],[-47.2020649262534,-22.1240465545631,0],[-47.20201326021201,-22.1239190918414,0],[-47.20197364784572,-22.12378634315584,0],[-47.20203561565056,-22.12366185990679,0],[-47.20557280933496,-22.12542275947713,0]]]",,1
3p0mofki1,APP_6,APP,APP,17.81 ha,APP,,,0,0,0,#124200,0,"[[[-47.21837828817512,-22.11846538962936,0],[-47.21918479034609,-22.12064531568968,0],[-47.21917494720248,-22.12072312321208,0],[-47.21917334407424,-22.12076143924514,0],[-47.21917201434256,-22.1207932309946,0],[-47.21917121848751,-22.12081224513625,0],[-47.21915056300826,-22.12083932231579,0],[-47.21913626589437,-22.12087196630882,0],[-47.21911622454502,-22.120892168968,0],[-47.21910229117671,-22.1209241649098,0],[-47.21908236038473,-22.12094423240697,0],[-47.21906248178404,-22.12096424711599,0],[-47.21903636612904,-22.1209844842242,0],[-47.21901679972814,-22.12100403558182,0],[-47.21899097832419,-22.12101804491539,0],[-47.2189652935153,-22.12102603826996,0],[-47.2189395569456,-22.12104000656848,0],[-47.21891386728329,-22.12105394960446,0],[-47.21888191480226,-22.12106239861587,0],[-47.21885637248781,-22.12107034189102,0],[-47.21883090696685,-22.12107232022141,0],[-47.21879909354939,-22.1210747919555,0],[-47.21876094597643,-22.12107775514026,0],[-47.21873553084701,-22.12107972960407,0],[-47.21870377517036,-22.12108814082545,0],[-47.21868474173187,-22.12108961818018,0],[-47.21865333032886,-22.12110330145505,0],[-47.21862202246438,-22.12111084763655,0],[-47.21860947522292,-22.12111154378766,0],[-47.21858446149754,-22.12111873819467,0],[-47.21854078549147,-22.12113869433772,0],[-47.21851570547215,-22.1211461818118,0],[-47.21849683075292,-22.12114745586767,0],[-47.21845292336464,-22.12115620794844,0],[-47.21844047151988,-22.12116283196226,0],[-47.21840304002266,-22.1211769134271,0],[-47.21838421186816,-22.12117818210007,0],[-47.21834685558588,-22.12119223910374,0],[-47.21834073137398,-22.12119841638086,0],[-47.21829718702082,-22.12121286383336,0],[-47.2182848268802,-22.12121944871346,0],[-47.21823512574482,-22.12123428213847,0],[-47.21821637680902,-22.12123553990886,0],[-47.21819156841618,-22.12124294597538,0],[-47.21813593790372,-22.12126404443441,0],[-47.21812969153727,-22.12126451410631,0],[-47.21782437732383,-22.12138861486675,0],[-47.21771073392085,-22.12157549935795,0],[-47.21747189246063,-22.12286376111868,0],[-47.21415162152538,-22.12314974227319,0],[-47.21403280787323,-22.12235703176016,0],[-47.21403393425824,-22.12204603579576,0],[-47.21407583131596,-22.12191585974412,0],[-47.21360086810644,-22.12193120608792,0],[-47.21222961253225,-22.12227443288948,0],[-47.21205252200349,-22.12210310905338,0],[-47.21175271276649,-22.12197641191782,0],[-47.21149969873189,-22.12142936465345,0],[-47.21085312398387,-22.12021280686212,0],[-47.21212009149897,-22.11995025087084,0],[-47.2121248007515,-22.11972278273188,0],[-47.21718498788449,-22.11871802382327,0],[-47.21837828817512,-22.11846538962936,0]]]",,1
dphlxz9fi,APP_1,APP,APP,55.33 ha,APP,,,0,0,0,#124200,0,"[[[-47.21392360297609,-22.13478768644946,0],[-47.21353872945583,-22.13379547914763,0],[-47.21330372700035,-22.13237203744553,0],[-47.21251371782514,-22.13133553532368,0],[-47.21141826843451,-22.13017437917204,0],[-47.21045280321395,-22.12913037303798,0],[-47.2090806077433,-22.12862228971901,0],[-47.2074950048728,-22.12876645785682,0],[-47.20667725949721,-22.12870740448015,0],[-47.20556897558823,-22.12865560628432,0],[-47.2041596637011,-22.12888423752025,0],[-47.20175566481398,-22.12928102258785,0],[-47.19729704225282,-22.13029756654626,0],[-47.19708316568466,-22.13014409311052,0],[-47.19705232423525,-22.12986100650539,0],[-47.1967265865815,-22.12986430676946,0],[-47.19676899391224,-22.12953256944699,0],[-47.19673598718398,-22.12924060705289,0],[-47.19662368982252,-22.12885342667107,0],[-47.19677854530229,-22.12861035709188,0],[-47.19642732275532,-22.12835142959998,0],[-47.19641987780415,-22.12796295305086,0],[-47.19625902085965,-22.12756574607765,0],[-47.19626390198241,-22.12714722943753,0],[-47.19633972048123,-22.12691749343306,0],[-47.19638141063026,-22.12650346208127,0],[-47.19691578165088,-22.1263644633799,0],[-47.19659663203628,-22.12579114296782,0],[-47.19642217483653,-22.12556062272724,0],[-47.19647631877881,-22.12527310329023,0],[-47.19624736427082,-22.12501943842791,0],[-47.19629550595263,-22.12476571115404,0],[-47.19615555851472,-22.12447100588185,0],[-47.1959605585643,-22.12415383371027,0],[-47.19598670169406,-22.12379109888618,0],[-47.19580018083325,-22.12328486207712,0],[-47.1993278063373,-22.12259040779342,0],[-47.19945561384361,-22.12309048521839,0],[-47.19967305208566,-22.12350418340532,0],[-47.20015888917628,-22.12443876550419,0],[-47.20056907895759,-22.12443880400841,0],[-47.20181660109476,-22.12372176480071,0],[-47.20207189074812,-22.12416632856903,0],[-47.20207117871488,-22.12487963559816,0],[-47.20180589088486,-22.1260690931217,0],[-47.20108258126061,-22.12727573333854,0],[-47.20111856847219,-22.12828971062075,0],[-47.20143781014002,-22.12885042725661,0],[-47.20168282740343,-22.12896050961896,0],[-47.2020755866557,-22.12901057617497,0],[-47.20250796444498,-22.12901493269167,0],[-47.20384834630639,-22.12866010998395,0],[-47.2042031805941,-22.12859891053454,0],[-47.20593003612683,-22.12841525931385,0],[-47.20754736369748,-22.127903524279,0],[-47.20834696585788,-22.12773981833248,0],[-47.20988565992325,-22.12768687873621,0],[-47.21026415290324,-22.12780134057393,0],[-47.21067840998234,-22.12799009338457,0],[-47.21080042590282,-22.1280986304238,0],[-47.21236779838551,-22.12865136647306,0],[-47.21320965840924,-22.12916068325417,0],[-47.21370526874509,-22.12961908629953,0],[-47.21431388516353,-22.13054622416865,0],[-47.2141697874985,-22.13179766358595,0],[-47.21404071373228,-22.13252371994364,0],[-47.21419211090256,-22.13402708438957,0],[-47.2144258898369,-22.13461634005351,0],[-47.21460473585883,-22.13519157459278,0],[-47.21462845671131,-22.13527530274023,0],[-47.21392360297609,-22.13478768644946,0]]]",,1
5iutquzgz,APP_2,APP,APP,22.47 ha,APP,,,0,0,0,#124200,0,"[[[-47.22364522556869,-22.1202128677634,0],[-47.22370523134634,-22.12024335537782,0],[-47.22375606786066,-22.12036624133387,0],[-47.22390917417809,-22.1204800377352,0],[-47.22397565335796,-22.12052718016376,0],[-47.22409152034314,-22.12061161971747,0],[-47.22417610109075,-22.12067100966274,0],[-47.2242395186006,-22.1207151610071,0],[-47.2243782659563,-22.12081638257992,0],[-47.22442018779,-22.12087111687696,0],[-47.22450338487112,-22.1209733944666,0],[-47.22456034113895,-22.12104686265627,0],[-47.22463823629383,-22.12116870758401,0],[-47.22473305467014,-22.12130381744133,0],[-47.22477358305078,-22.12136579921466,0],[-47.22481154197886,-22.1216084525853,0],[-47.22473654570403,-22.1218496545045,0],[-47.22473228772638,-22.12201880072204,0],[-47.22473582844554,-22.12225430041824,0],[-47.22471712152338,-22.12249114475903,0],[-47.22469546479316,-22.12269541023304,0],[-47.22467636095804,-22.12285302909147,0],[-47.22450208704612,-22.12308353126229,0],[-47.22426042394503,-22.12334098357886,0],[-47.22417187222539,-22.12343795592417,0],[-47.22388515810433,-22.12363378471021,0],[-47.22348525435351,-22.12383302394703,0],[-47.22275891561985,-22.12407008330809,0],[-47.22264325096776,-22.12409820700421,0],[-47.22256872205682,-22.12411947793473,0],[-47.22249421029214,-22.12414074715091,0],[-47.22243857492951,-22.12416100543616,0],[-47.22232734855888,-22.1242015193994,0],[-47.22228963091682,-22.12420352832291,0],[-47.22219137887889,-22.12426280561196,0],[-47.22184495188791,-22.12440976554545,0],[-47.22168402794179,-22.12457066195115,0],[-47.22135499983735,-22.1248983265381,0],[-47.22102183289584,-22.12588993213289,0],[-47.22071684381033,-22.12700693396682,0],[-47.22063435943847,-22.12737857717083,0],[-47.22071493563855,-22.12749965536153,0],[-47.2206095456424,-22.12775504860695,0],[-47.2204493073106,-22.12801641893392,0],[-47.22031010816168,-22.12819624534609,0],[-47.22003088536108,-22.1285517011544,0],[-47.21978479985493,-22.1288003129347,0],[-47.21971143141446,-22.12889766588564,0],[-47.21965715944692,-22.12891409576205,0],[-47.21955758230952,-22.12896391372048,0],[-47.21946972565262,-22.12899976785504,0],[-47.21937712875277,-22.12902229109632,0],[-47.21931882567639,-22.12903983456392,0],[-47.21925376746113,-22.12905473550986,0],[-47.21918163298404,-22.12907620760475,0],[-47.21907642402029,-22.12908010818804,0],[-47.21898196789952,-22.12907554662466,0],[-47.21886343399304,-22.12907721164366,0],[-47.2188094872681,-22.1290582429088,0],[-47.21872636233896,-22.12903907063179,0],[-47.21862248349304,-22.12901952657445,0],[-47.218539886367,-22.12899779510337,0],[-47.21847714765315,-22.12897824968374,0],[-47.21843223283953,-22.12896077812144,0],[-47.21834278727231,-22.12891885867109,0],[-47.21829322225602,-22.1288951875774,0],[-47.21822524338683,-22.12886719848201,0],[-47.21822844803373,-22.12880227196693,0],[-47.21821164715733,-22.1287581203201,0],[-47.21820933973829,-22.12868960706631,0],[-47.21820320083826,-22.12853500017962,0],[-47.21820314901485,-22.128474555239,0],[-47.21824697987579,-22.12831264425196,0],[-47.21826340523472,-22.12822426485521,0],[-47.21828378542277,-22.12816255092727,0],[-47.21830914985318,-22.12810991804997,0],[-47.21833617749958,-22.1280101408193,0],[-47.21836709849999,-22.12788407755747,0],[-47.21839554129399,-22.12780933422965,0],[-47.21844579405024,-22.12771113863556,0],[-47.21850179452639,-22.12759140896787,0],[-47.21856232767341,-22.12744785170514,0],[-47.21862297325096,-22.12732366186749,0],[-47.21884198630219,-22.12686394699459,0],[-47.21901387872076,-22.1264289476585,0],[-47.21917247217344,-22.12611101519305,0],[-47.21950271480063,-22.12531206443577,0],[-47.21972609168825,-22.12490380761994,0],[-47.21981716874356,-22.12474491732679,0],[-47.22005721036301,-22.12444416252706,0],[-47.22011080600841,-22.12432273746275,0],[-47.22030912729622,-22.12408968261825,0],[-47.22054227172322,-22.12386448305911,0],[-47.2209420837701,-22.12351944926388,0],[-47.22106573990109,-22.12341924684324,0],[-47.22119148079286,-22.1232862133161,0],[-47.2215092103577,-22.12309075378622,0],[-47.22172141774493,-22.12305556019536,0],[-47.22187175884585,-22.12291825920803,0],[-47.22198488215066,-22.1226192735458,0],[-47.22211658429087,-22.12236809604989,0],[-47.22215535044196,-22.12198542222395,0],[-47.22220949703615,-22.12140456475276,0],[-47.22210979365962,-22.1211764664202,0],[-47.22186950704532,-22.12114581517577,0],[-47.22181542707937,-22.12112824978264,0],[-47.22195522785729,-22.12094531935023,0],[-47.22202844845045,-22.12091388046817,0],[-47.22364522556869,-22.1202128677634,0]]]",,1
uccbf6cu9,APP_3,APP,APP,0 ha,APP,,,0,0,0,#124200,0,"[[[-47.2315233401822,-22.12249671953307,0],[-47.23150912192836,-22.1225567950775,0],[-47.2305950312666,-22.12376811142831,0],[-47.23047664460591,-22.12403908183185,0],[-47.23026178944866,-22.12437442223771,0],[-47.22995173170559,-22.12447184706251,0],[-47.22983149787605,-22.12451676778253,0],[-47.22929045087993,-22.12471432551683,0],[-47.22912030345561,-22.12474128394934,0],[-47.22900967535415,-22.12472968128158,0],[-47.22882963607104,-22.12469733181482,0],[-47.22867956210439,-22.12467478541645,0],[-47.22856363921792,-22.12465712403548,0],[-47.22837633538912,-22.12446299432584,0],[-47.22835068679514,-22.12441102430532,0],[-47.22825474735611,-22.12411869221048,0],[-47.22817104536161,-22.12388924449215,0],[-47.22813569767469,-22.12377836984559,0],[-47.22811419120026,-22.12366946080453,0],[-47.22811301135976,-22.12359593114186,0],[-47.2281112423663,-22.12348548910154,0],[-47.22809038375993,-22.12341297807012,0],[-47.22808889465824,-22.12332073641074,0],[-47.22808740193544,-22.12322838061541,0],[-47.22808560852496,-22.12311740652569,0],[-47.22808310330807,-22.12300750030406,0],[-47.22808945238803,-22.12291094787001,0],[-47.22809531799065,-22.12277827039562,0],[-47.22810510601552,-22.12266267539975,0],[-47.22814061443707,-22.12251875149667,0],[-47.22827731203984,-22.12203240798658,0],[-47.22831558668638,-22.1219531904189,0],[-47.22833407395272,-22.12189607089685,0],[-47.2283517114564,-22.12180156795237,0],[-47.2283702259404,-22.12174434727437,0],[-47.22840729778139,-22.12162979484395,0],[-47.22842584954056,-22.12157246460825,0],[-47.22845094846666,-22.12147553987424,0],[-47.22847499789447,-22.12137284295745,0],[-47.22852433352332,-22.12118551793591,0],[-47.22863954451102,-22.1210265985633,0],[-47.22874572024384,-22.1208978001452,0],[-47.228822969721,-22.12083746216667,0],[-47.2288804682324,-22.12077822372653,0],[-47.22895778903435,-22.12071783551904,0],[-47.22903636460664,-22.12069469920013,0],[-47.22913209402114,-22.12067302021029,0],[-47.22923232427038,-22.12064902388963,0],[-47.22940174656327,-22.12063849046907,0],[-47.2295254193566,-22.12063794746429,0],[-47.22968858260894,-22.12065680504194,0],[-47.22984022996867,-22.12071795535821,0],[-47.23002877331357,-22.12079128849486,0],[-47.23019082051893,-22.1208681406602,0],[-47.23031901385323,-22.12098299986893,0],[-47.23040033116472,-22.12105768231049,0],[-47.23048301059856,-22.12113037600175,0],[-47.23058218685937,-22.1212224375863,0],[-47.23068851858034,-22.12131888056504,0],[-47.23115756271449,-22.12172843220976,0],[-47.23169605564653,-22.12223590467251,0],[-47.23160829423872,-22.12238230753527,0],[-47.2315233401822,-22.12249671953307,0]]]",,1
6kp6rihi9,APP_4,APP,APP,63.43 ha,APP,,,0,0,0,#124200,0,"[[[-47.25186108146044,-22.12829250075591,0],[-47.25303511536649,-22.1274828979955,0],[-47.25316515679501,-22.12724358953808,0],[-47.25409422837799,-22.12675526125987,0],[-47.25496690710223,-22.12628812982517,0],[-47.25548507253858,-22.12605970037048,0],[-47.25557817731341,-22.12600819258253,0],[-47.25606291592631,-22.1259566814821,0],[-47.25661499646155,-22.12572757759388,0],[-47.25724151526074,-22.12544625163668,0],[-47.25783446454578,-22.12506262171372,0],[-47.25836371671427,-22.12465870962533,0],[-47.25870791734904,-22.12405124763551,0],[-47.25881861944746,-22.12363586742431,0],[-47.25883921905152,-22.12325095879547,0],[-47.25878361659284,-22.12296563385556,0],[-47.25862046741767,-22.12272621203587,0],[-47.25851164714276,-22.12246496335241,0],[-47.25839933927963,-22.12226997200007,0],[-47.25793345916541,-22.12240003640611,0],[-47.25722041717207,-22.12259940215363,0],[-47.25623039258782,-22.12292242987326,0],[-47.25571983642281,-22.1230928596223,0],[-47.2552236378606,-22.12324301617234,0],[-47.25463332616605,-22.12348490548054,0],[-47.25366872074479,-22.12389775608885,0],[-47.25198802904026,-22.12430340808826,0],[-47.25098937745619,-22.12414619180513,0],[-47.25087577157002,-22.12429211190523,0],[-47.25059311333305,-22.12423704272884,0],[-47.25025328494872,-22.12412431084598,0],[-47.24985364881416,-22.12388759472391,0],[-47.24950447287516,-22.12366414176697,0],[-47.24890771428953,-22.12335330851533,0],[-47.2483958010082,-22.12294132744105,0],[-47.24827578886596,-22.12281206189899,0],[-47.24809388618153,-22.12248235484355,0],[-47.24790400207831,-22.1221513967875,0],[-47.247610051854,-22.12175492186979,0],[-47.24739265976601,-22.12184379030499,0],[-47.24688285062108,-22.12211914092091,0],[-47.24654135135854,-22.12224788449383,0],[-47.246296568627,-22.12225462633502,0],[-47.2461658769021,-22.12244631538876,0],[-47.24595354731906,-22.12270327379749,0],[-47.24545758549618,-22.12292818745253,0],[-47.24523625240062,-22.12317810459546,0],[-47.2451743810302,-22.12339471490707,0],[-47.24499694140508,-22.12369699084049,0],[-47.24478028265005,-22.12455820628828,0],[-47.24467877490208,-22.12488914313781,0],[-47.24468177703152,-22.12506885774546,0],[-47.24452635454923,-22.12513915346504,0],[-47.24422720130222,-22.12531854594128,0],[-47.24421694783055,-22.12556715560441,0],[-47.24423092118525,-22.12583936638577,0],[-47.24418755833685,-22.12596440930392,0],[-47.24055089223109,-22.1248602850745,0],[-47.23915042730223,-22.12446724036843,0],[-47.23864067357959,-22.12431148465163,0],[-47.2384386208988,-22.12441543601917,0],[-47.23831910347056,-22.12438438121873,0],[-47.23833191095474,-22.12354176931017,0],[-47.2382416229657,-22.12285075652247,0],[-47.23797945875115,-22.12281543046219,0],[-47.23784421111245,-22.1226075638508,0],[-47.23783586368167,-22.12141490456111,0],[-47.23804261828803,-22.12086520292891,0],[-47.23817970575781,-22.12080165559523,0],[-47.23833811085935,-22.12042040666077,0],[-47.23862995612508,-22.11977247354706,0],[-47.23864488328049,-22.11959836131999,0],[-47.23874660123577,-22.11940206705914,0],[-47.23885226974705,-22.11931086407081,0],[-47.23911150849414,-22.11902420295356,0],[-47.23914382802805,-22.11892376677599,0],[-47.23929160209613,-22.11876186380599,0],[-47.2393893351246,-22.11868691851795,0],[-47.23972344066545,-22.11825594996334,0],[-47.23999614568094,-22.11792745105754,0],[-47.24019080971781,-22.11765080817963,0],[-47.24052896229684,-22.11745567734615,0],[-47.2409390345443,-22.11745449823316,0],[-47.24179419898176,-22.11745617477112,0],[-47.24275417422971,-22.11733585763661,0],[-47.24338010878769,-22.11711284675483,0],[-47.2430410390656,-22.1181929832157,0],[-47.2422332225513,-22.11856551751114,0],[-47.24177084341321,-22.11880838995515,0],[-47.24144892502255,-22.11916902877322,0],[-47.24118588491513,-22.11957276355204,0],[-47.2408151545575,-22.12000644635825,0],[-47.24061213356071,-22.12041602910033,0],[-47.24032419279524,-22.1205438146369,0],[-47.24006323423465,-22.12030779151824,0],[-47.23997487835074,-22.1201563678211,0],[-47.2396932999939,-22.12018971002905,0],[-47.23951974751739,-22.12037224269935,0],[-47.23950603455158,-22.12073188061294,0],[-47.23969615643956,-22.12087950282164,0],[-47.24019131272981,-22.12168997350269,0],[-47.24063538168792,-22.12195666819612,0],[-47.24131159975557,-22.12229439966434,0],[-47.24171555942509,-22.12232671050953,0],[-47.24202577492399,-22.12228552949565,0],[-47.2423665922022,-22.12227525195776,0],[-47.24289127464339,-22.12203822523799,0],[-47.2431554849269,-22.12210090408743,0],[-47.24344334710139,-22.12226672018173,0],[-47.24418813122277,-22.12221917636089,0],[-47.24453022497919,-22.12217994653832,0],[-47.24465678201447,-22.12239777661146,0],[-47.24495057064034,-22.12229988184019,0],[-47.24537767936332,-22.12194992015413,0],[-47.24569507944746,-22.12156628681194,0],[-47.24588793605383,-22.12145184402513,0],[-47.24594820572968,-22.12141113561766,0],[-47.24595280507636,-22.12119823032664,0],[-47.24606758778769,-22.12112922795109,0],[-47.24635134677608,-22.12090251805713,0],[-47.24652560540125,-22.12070413422233,0],[-47.24652396319282,-22.12050470110075,0],[-47.24659511229896,-22.11990001153977,0],[-47.24636834731143,-22.11944691085011,0],[-47.24629641611678,-22.11903303012063,0],[-47.2461897173426,-22.11850973397777,0],[-47.246130348023,-22.11776853019217,0],[-47.24627681811658,-22.11761868029522,0],[-47.24637941019408,-22.1174455821251,0],[-47.24635035877361,-22.11711976929768,0],[-47.24632513781198,-22.11628768734269,0],[-47.24579160939496,-22.11655683836663,0],[-47.24480275787779,-22.11690812943404,0],[-47.24435354736791,-22.11714150325004,0],[-47.24397134588119,-22.1174161162935,0],[-47.24380043644318,-22.11756130851924,0],[-47.24360105598993,-22.11766572731185,0],[-47.24303568257973,-22.11819494418056,0],[-47.24324639867,-22.11751853820596,0],[-47.24338260199062,-22.11711177566774,0],[-47.2435433666289,-22.11733263400104,0],[-47.24380326311669,-22.1172061741764,0],[-47.2440244757524,-22.11704041967608,0],[-47.24435036482716,-22.11679508881801,0],[-47.24483375872847,-22.11652969107299,0],[-47.24541867025001,-22.11621649295558,0],[-47.24598426869662,-22.11593351983281,0],[-47.24620575526144,-22.11561958279222,0],[-47.24641420568182,-22.11508226504058,0],[-47.24667580356557,-22.11445287965583,0],[-47.24693187977361,-22.11390286248784,0],[-47.24746957770122,-22.11381662402908,0],[-47.24713729848553,-22.11453965785024,0],[-47.24665469746569,-22.11569728987368,0],[-47.24659451248662,-22.11613206456509,0],[-47.24659408570007,-22.1162752009274,0],[-47.24662502469661,-22.11716424447947,0],[-47.24669091310585,-22.11821355639929,0],[-47.24671863340838,-22.11886778936883,0],[-47.2469497965017,-22.11968767050165,0],[-47.24708353115745,-22.12030120377512,0],[-47.24739968456521,-22.12105494928528,0],[-47.24773038605461,-22.12151368772415,0],[-47.24798717700557,-22.1218525317947,0],[-47.24844779547075,-22.12262320068745,0],[-47.24880232861778,-22.12281199452974,0],[-47.2494981600247,-22.12335745324205,0],[-47.25009105677838,-22.12364908669141,0],[-47.25050579424827,-22.1237027114202,0],[-47.2513032147344,-22.12348472959734,0],[-47.25281597922317,-22.1229332550507,0],[-47.25378069566703,-22.12258887192258,0],[-47.25478430293516,-22.12229866572604,0],[-47.25576870336729,-22.12211666743001,0],[-47.25651126778338,-22.12191293184048,0],[-47.25820323459747,-22.12157179499781,0],[-47.25909727036711,-22.12148004545081,0],[-47.25970312614773,-22.12162733668786,0],[-47.26004353509081,-22.1217941254949,0],[-47.26059505420798,-22.12206351403227,0],[-47.26096211738466,-22.12238641744726,0],[-47.26116864058148,-22.12270892829844,0],[-47.26114171370128,-22.1228389139152,0],[-47.26132535770132,-22.12302789427914,0],[-47.26148426155861,-22.12327048378392,0],[-47.26146180578472,-22.1235886493561,0],[-47.26134210985277,-22.12387531681965,0],[-47.26056107971014,-22.12444888649062,0],[-47.26014840673864,-22.12465595551641,0],[-47.25741906917442,-22.12626959150031,0],[-47.25698973277763,-22.12640182783526,0],[-47.25643532668339,-22.12672058862359,0],[-47.25515579389235,-22.12710305279584,0],[-47.25393254683325,-22.12773908949846,0],[-47.25252945394271,-22.12853850089974,0],[-47.25186108146044,-22.12829250075591,0]]]",,1
rirt33jhr,APP_5,APP,APP,2.75 ha,APP,,,0,0,0,#124200,0,"[[[-47.22096248162782,-22.11675577840348,0],[-47.22097534690304,-22.11708719877561,0],[-47.22104312449542,-22.11713029341088,0],[-47.22104811038434,-22.11716505819384,0],[-47.22101727452446,-22.11745185700419,0],[-47.22098745531549,-22.11779096711797,0],[-47.22097495950582,-22.11790918954852,0],[-47.22123158430335,-22.11814272094599,0],[-47.22140920301811,-22.11829860862951,0],[-47.22160204136747,-22.11848894892306,0],[-47.22176781311516,-22.11870422671088,0],[-47.22193269708516,-22.11904952943826,0],[-47.22203011865432,-22.11911943234202,0],[-47.22196650561554,-22.11962070429889,0],[-47.22210037289479,-22.11988044040758,0],[-47.22172505856386,-22.11997633667008,0],[-47.22175941975134,-22.11975014443089,0],[-47.22178152717425,-22.11959125139494,0],[-47.22179575587398,-22.11941834835075,0],[-47.22174020545753,-22.11903291431074,0],[-47.22163465110359,-22.11887607156601,0],[-47.22151027799761,-22.11879488375679,0],[-47.22125900627268,-22.11855461091534,0],[-47.22100191804956,-22.11843606849234,0],[-47.22076660698409,-22.11833655587636,0],[-47.22055613697197,-22.11836247471814,0],[-47.22028808474827,-22.11819583017508,0],[-47.22009228857296,-22.11808663825148,0],[-47.21992680500417,-22.11781394553407,0],[-47.2203976356702,-22.11764536271358,0],[-47.22072231442563,-22.1167927252088,0],[-47.22067762118376,-22.11641074778671,0],[-47.22078961735819,-22.11593963648312,0],[-47.22222724371466,-22.11502706015682,0],[-47.22233062973772,-22.11528677030994,0],[-47.22235332902095,-22.11533782060464,0],[-47.22233276274682,-22.11547997616521,0],[-47.22234889212355,-22.11560343708207,0],[-47.22230711910628,-22.11562043715113,0],[-47.22226174144671,-22.11563516488019,0],[-47.22206911372945,-22.11559720903492,0],[-47.22181308092443,-22.11579941007473,0],[-47.22159340571497,-22.11610494715298,0],[-47.22096248162782,-22.11675577840348,0]]]",,1
z581yam1u,31B,TALHAO,31B,4.75 ha,VALENCIA,,,0,,,#fbff00,2602,"[[[-47.23501772027508,-22.12540227826896,0],[-47.23264762605199,-22.12611375256515,0],[-47.23256235798426,-22.12259875565832,0],[-47.23395231108151,-22.1231103752193,0],[-47.2344140820975,-22.12397581492559,0],[-47.23501772027508,-22.12540227826896,0]]]",,1
prfwwmg0a,1A,TALHAO,1A,5.1 ha,NATAL,SW,2013-01-01,12,33,"2,2 x 6,5",#50ce6f,3375,"[[[-47.21906023739472,-22.12467594204045,0],[-47.21742581342452,-22.12461051659628,0],[-47.21784796325281,-22.12205562361898,0],[-47.21826090225176,-22.12197668832729,0],[-47.21854567304096,-22.12194634798286,0],[-47.21899255440456,-22.12187963265604,0],[-47.21938658853443,-22.12184004856307,0],[-47.21944709652495,-22.1214232447789,0],[-47.2195334694948,-22.12141348546434,0],[-47.21906023739472,-22.12467594204045,0]]]",700/H,1
